<?xml version="1.0" encoding="UTF-8" standalone="yes"?>
<addon id="repository.excloud" name="[COLOR lime]EX-CLOUD repo[/COLOR] Repo" version="1.0" provider-name="EX-CLOUD">
    <extension point="xbmc.addon.repository" name="EX-CLOUD">
        <info>https://raw.githubusercontent.com/EXXCLOUD/Repositorio/master/addons.xml</info>
        <checksum>https://raw.githubusercontent.com/EXXCLOUD/Repositorio/master/addons.xml.md5</checksum>
        <datadir zip="true">https://raw.githubusercontent.com/EXXCLOUD/Repositorio/master/</datadir>
    </extension>
    <extension point="xbmc.addon.metadata">
        <summary>Repositorio EX-CLOUD</summary>
        <description></description>
        <disclaimer></disclaimer>
        <platform>all</platform>
    </extension>
</addon>
